feedback_id,order_id,restaurant_id,business_date,overall_score,food_score,service_score
1,3.00000000,1,2024-01-01,5.00000000,4.00000000,5.00000000
2,30.00000000,1,2024-01-01,4.00000000,4.00000000,3.00000000
3,44.00000000,1,2024-01-01,4.00000000,4.00000000,4.00000000
4,59.00000000,1,2024-01-02,4.00000000,4.00000000,5.00000000
5,62.00000000,1,2024-01-02,5.00000000,5.00000000,4.00000000
6,74.00000000,1,2024-01-02,5.00000000,4.00000000,4.00000000
7,87.00000000,1,2024-01-02,4.00000000,3.00000000,5.00000000
8,95.00000000,1,2024-01-02,4.00000000,3.00000000,3.00000000
9,105.00000000,1,2024-01-03,5.00000000,4.00000000,4.00000000
10,120.00000000,1,2024-01-03,3.00000000,4.00000000,4.00000000
11,128.00000000,1,2024-01-03,4.00000000,4.00000000,4.00000000
12,136.00000000,1,2024-01-03,4.00000000,4.00000000,5.00000000
13,140.00000000,1,2024-01-03,4.00000000,4.00000000,5.00000000
14,166.00000000,1,2024-01-03,5.00000000,4.00000000,5.00000000
15,177.00000000,1,2024-01-04,5.00000000,4.00000000,4.00000000
16,182.00000000,1,2024-01-04,4.00000000,4.00000000,5.00000000
17,192.00000000,1,2024-01-04,4.00000000,4.00000000,5.00000000
18,231.00000000,1,2024-01-04,5.00000000,5.00000000,5.00000000
19,242.00000000,1,2024-01-04,5.00000000,4.00000000,5.00000000
20,294.00000000,1,2024-01-05,4.00000000,4.00000000,3.00000000
21,298.00000000,1,2024-01-05,5.00000000,4.00000000,3.00000000
22,324.00000000,1,2024-01-06,4.00000000,5.00000000,5.00000000
23,335.00000000,1,2024-01-06,5.00000000,4.00000000,4.00000000
24,357.00000000,1,2024-01-06,4.00000000,5.00000000,4.00000000
25,367.00000000,1,2024-01-06,5.00000000,5.00000000,5.00000000
26,413.00000000,1,2024-01-07,4.00000000,4.00000000,4.00000000
27,414.00000000,1,2024-01-07,5.00000000,5.00000000,4.00000000
28,420.00000000,1,2024-01-07,3.00000000,4.00000000,4.00000000
29,435.00000000,1,2024-01-07,5.00000000,5.00000000,4.00000000
30,443.00000000,1,2024-01-07,3.00000000,5.00000000,4.00000000
31,454.00000000,1,2024-01-07,5.00000000,5.00000000,5.00000000
32,458.00000000,1,2024-01-07,3.00000000,5.00000000,3.00000000
33,463.00000000,1,2024-01-08,5.00000000,4.00000000,4.00000000
34,473.00000000,1,2024-01-08,5.00000000,5.00000000,4.00000000
35,488.00000000,1,2024-01-08,4.00000000,4.00000000,5.00000000
36,493.00000000,1,2024-01-08,5.00000000,3.00000000,5.00000000
37,495.00000000,1,2024-01-08,,4.00000000,4.00000000
38,511.00000000,1,2024-01-08,4.00000000,5.00000000,4.00000000
39,524.00000000,1,2024-01-09,5.00000000,5.00000000,5.00000000
40,530.00000000,1,2024-01-09,4.00000000,4.00000000,5.00000000
41,581.00000000,1,2024-01-10,4.00000000,4.00000000,4.00000000
42,592.00000000,1,2024-01-10,5.00000000,5.00000000,4.00000000
43,594.00000000,1,2024-01-10,5.00000000,4.00000000,4.00000000
44,622.00000000,1,2024-01-10,4.00000000,3.00000000,4.00000000
45,631.00000000,1,2024-01-10,4.00000000,3.00000000,5.00000000
46,638.00000000,1,2024-01-10,5.00000000,4.00000000,5.00000000
47,644.00000000,1,2024-01-11,4.00000000,4.00000000,4.00000000
48,661.00000000,1,2024-01-11,4.00000000,5.00000000,4.00000000
49,680.00000000,1,2024-01-11,5.00000000,4.00000000,5.00000000
50,683.00000000,1,2024-01-11,5.00000000,5.00000000,4.00000000
51,716.00000000,1,2024-01-11,3.00000000,4.00000000,4.00000000
52,721.00000000,1,2024-01-11,5.00000000,5.00000000,5.00000000
53,727.00000000,1,2024-01-11,4.00000000,4.00000000,5.00000000
54,747.00000000,1,2024-01-12,4.00000000,5.00000000,5.00000000
55,749.00000000,1,2024-01-12,4.00000000,4.00000000,4.00000000
56,770.00000000,1,2024-01-12,5.00000000,4.00000000,5.00000000
57,786.00000000,1,2024-01-12,4.00000000,4.00000000,4.00000000
58,787.00000000,1,2024-01-12,4.00000000,4.00000000,4.00000000
59,791.00000000,1,2024-01-12,5.00000000,3.00000000,4.00000000
60,800.00000000,1,2024-01-12,5.00000000,5.00000000,5.00000000
61,804.00000000,1,2024-01-12,5.00000000,3.00000000,3.00000000
62,824.00000000,1,2024-01-13,5.00000000,5.00000000,4.00000000
63,840.00000000,1,2024-01-13,4.00000000,5.00000000,5.00000000
64,843.00000000,1,2024-01-13,5.00000000,3.00000000,5.00000000
65,872.00000000,1,2024-01-13,3.00000000,4.00000000,5.00000000
66,873.00000000,1,2024-01-13,4.00000000,4.00000000,4.00000000
67,883.00000000,1,2024-01-14,3.00000000,5.00000000,5.00000000
68,888.00000000,1,2024-01-14,4.00000000,4.00000000,5.00000000
69,891.00000000,1,2024-01-14,5.00000000,4.00000000,4.00000000
70,895.00000000,1,2024-01-14,4.00000000,4.00000000,5.00000000
71,896.00000000,1,2024-01-14,5.00000000,4.00000000,5.00000000
72,906.00000000,1,2024-01-14,5.00000000,4.00000000,5.00000000
73,914.00000000,1,2024-01-14,4.00000000,4.00000000,3.00000000
74,917.00000000,1,2024-01-14,4.00000000,5.00000000,4.00000000
75,938.00000000,1,2024-01-14,5.00000000,4.00000000,5.00000000
76,940.00000000,1,2024-01-14,5.00000000,4.00000000,4.00000000
77,956.00000000,1,2024-01-15,4.00000000,4.00000000,5.00000000
78,968.00000000,1,2024-01-15,4.00000000,3.00000000,4.00000000
79,985.00000000,1,2024-01-15,4.00000000,4.00000000,5.00000000
80,1002.00000000,1,2024-01-15,5.00000000,4.00000000,5.00000000
81,1009.00000000,1,2024-01-16,3.00000000,4.00000000,3.00000000
82,1041.00000000,1,2024-01-16,3.00000000,4.00000000,4.00000000
83,1065.00000000,1,2024-01-16,4.00000000,4.00000000,4.00000000
84,1086.00000000,1,2024-01-17,4.00000000,4.00000000,4.00000000
85,1090.00000000,1,2024-01-17,3.00000000,4.00000000,5.00000000
86,1091.00000000,1,2024-01-17,4.00000000,4.00000000,5.00000000
87,1097.00000000,1,2024-01-17,4.00000000,4.00000000,5.00000000
88,1107.00000000,1,2024-01-17,5.00000000,5.00000000,5.00000000
89,1138.00000000,1,2024-01-18,5.00000000,3.00000000,5.00000000
90,1139.00000000,1,2024-01-18,4.00000000,5.00000000,4.00000000
91,1150.00000000,1,2024-01-18,4.00000000,5.00000000,4.00000000
92,1157.00000000,1,2024-01-18,4.00000000,4.00000000,5.00000000
93,1165.00000000,1,2024-01-18,4.00000000,4.00000000,4.00000000
94,1173.00000000,1,2024-01-18,4.00000000,5.00000000,5.00000000
95,1177.00000000,1,2024-01-18,5.00000000,4.00000000,4.00000000
96,1187.00000000,1,2024-01-18,5.00000000,4.00000000,5.00000000
97,1191.00000000,1,2024-01-18,5.00000000,4.00000000,5.00000000
98,1199.00000000,1,2024-01-18,5.00000000,5.00000000,5.00000000
99,1207.00000000,1,2024-01-19,5.00000000,4.00000000,5.00000000
100,1210.00000000,1,2024-01-19,5.00000000,4.00000000,5.00000000
