shift_id,restaurant_id,employee_id,role,business_date,daypart,scheduled_start,scheduled_end,actual_start,actual_end,break_hours,paid_hours,hourly_cost,rate_imputed,labour_cost
1,1,E01S00,Service,2024-01-01,Lunch,2024-01-01 11:00:00,2024-01-01 16:00:00,2024-01-01 11:00:00,2024-01-01 16:00:00,0.50000000,4.50000000,48.00000000,0,216.00000000
2,1,E01K00,Kitchen,2024-01-01,Lunch,2024-01-01 11:00:00,2024-01-01 16:00:00,2024-01-01 11:00:00,2024-01-01 16:00:00,0.50000000,4.50000000,54.40000000,0,244.80000000
3,1,E01M00,Manager,2024-01-01,Lunch,2024-01-01 11:00:00,2024-01-01 13:00:00,2024-01-01 11:00:00,2024-01-01 13:00:00,0.00000000,2.00000000,62.40000000,0,124.80000000
4,1,E01S00,Service,2024-01-01,Dinner,2024-01-01 16:00:00,2024-01-01 22:00:00,2024-01-01 16:00:00,2024-01-01 22:00:00,0.50000000,5.50000000,48.00000000,0,264.00000000
5,1,E01K00,Kitchen,2024-01-01,Dinner,2024-01-01 16:00:00,2024-01-01 22:00:00,2024-01-01 16:00:00,2024-01-01 22:00:00,0.50000000,5.50000000,54.40000000,0,299.20000000
6,1,E01M00,Manager,2024-01-01,Dinner,2024-01-01 16:00:00,2024-01-01 18:00:00,2024-01-01 16:00:00,2024-01-01 18:00:00,0.00000000,2.00000000,62.40000000,0,124.80000000
7,1,E01S00,Service,2024-01-02,Lunch,2024-01-02 11:00:00,2024-01-02 16:00:00,2024-01-02 11:00:00,2024-01-02 16:00:00,0.50000000,4.50000000,30.00000000,0,135.00000000
8,1,E01K00,Kitchen,2024-01-02,Lunch,2024-01-02 11:00:00,2024-01-02 16:00:00,2024-01-02 11:00:00,2024-01-02 16:00:00,0.50000000,4.50000000,34.00000000,0,153.00000000
9,1,E01M00,Manager,2024-01-02,Lunch,2024-01-02 11:00:00,2024-01-02 13:00:00,2024-01-02 11:00:00,2024-01-02 13:00:00,0.00000000,2.00000000,39.00000000,0,78.00000000
10,1,E01S00,Service,2024-01-02,Dinner,2024-01-02 16:00:00,2024-01-02 22:00:00,2024-01-02 16:00:00,2024-01-02 22:00:00,0.50000000,5.50000000,30.00000000,0,165.00000000
11,1,E01S01,Service,2024-01-02,Dinner,2024-01-02 16:00:00,2024-01-02 22:00:00,2024-01-02 16:00:00,2024-01-02 22:00:00,0.50000000,5.50000000,30.00000000,0,165.00000000
12,1,E01K00,Kitchen,2024-01-02,Dinner,2024-01-02 16:00:00,2024-01-02 22:00:00,2024-01-02 16:00:00,2024-01-02 22:00:00,0.50000000,5.50000000,34.00000000,0,187.00000000
13,1,E01M00,Manager,2024-01-02,Dinner,2024-01-02 16:00:00,2024-01-02 18:00:00,2024-01-02 16:00:00,2024-01-02 18:00:00,0.00000000,2.00000000,39.00000000,0,78.00000000
14,1,E01S00,Service,2024-01-03,Lunch,2024-01-03 11:00:00,2024-01-03 16:00:00,2024-01-03 11:00:00,2024-01-03 16:00:00,0.50000000,4.50000000,30.00000000,0,135.00000000
15,1,E01S01,Service,2024-01-03,Lunch,2024-01-03 11:00:00,2024-01-03 16:00:00,2024-01-03 11:00:00,2024-01-03 16:00:00,0.50000000,4.50000000,30.00000000,0,135.00000000
16,1,E01K00,Kitchen,2024-01-03,Lunch,2024-01-03 11:00:00,2024-01-03 16:00:00,2024-01-03 11:00:00,2024-01-03 16:00:00,0.50000000,4.50000000,34.00000000,0,153.00000000
17,1,E01M00,Manager,2024-01-03,Lunch,2024-01-03 11:00:00,2024-01-03 13:00:00,2024-01-03 11:00:00,2024-01-03 13:00:00,0.00000000,2.00000000,39.00000000,0,78.00000000
18,1,E01S00,Service,2024-01-03,Dinner,2024-01-03 16:00:00,2024-01-03 22:00:00,2024-01-03 16:00:00,2024-01-03 22:00:00,0.50000000,5.50000000,30.00000000,0,165.00000000
19,1,E01S01,Service,2024-01-03,Dinner,2024-01-03 16:00:00,2024-01-03 22:00:00,2024-01-03 16:00:00,2024-01-03 22:00:00,0.50000000,5.50000000,30.00000000,0,165.00000000
20,1,E01K00,Kitchen,2024-01-03,Dinner,2024-01-03 16:00:00,2024-01-03 22:00:00,2024-01-03 16:00:00,2024-01-03 22:00:00,0.50000000,5.50000000,34.00000000,0,187.00000000
21,1,E01M00,Manager,2024-01-03,Dinner,2024-01-03 16:00:00,2024-01-03 18:00:00,2024-01-03 16:00:00,2024-01-03 18:00:00,0.00000000,2.00000000,39.00000000,0,78.00000000
22,1,E01S00,Service,2024-01-04,Lunch,2024-01-04 11:00:00,2024-01-04 16:00:00,2024-01-04 11:00:00,2024-01-04 16:00:00,0.50000000,4.50000000,30.00000000,0,135.00000000
23,1,E01S01,Service,2024-01-04,Lunch,2024-01-04 11:00:00,2024-01-04 16:00:00,2024-01-04 11:00:00,2024-01-04 16:00:00,0.50000000,4.50000000,30.00000000,0,135.00000000
24,1,E01K00,Kitchen,2024-01-04,Lunch,2024-01-04 11:00:00,2024-01-04 16:00:00,2024-01-04 11:00:00,2024-01-04 16:00:00,0.50000000,4.50000000,34.00000000,0,153.00000000
25,1,E01M00,Manager,2024-01-04,Lunch,2024-01-04 11:00:00,2024-01-04 13:00:00,2024-01-04 11:00:00,2024-01-04 13:00:00,0.00000000,2.00000000,39.00000000,0,78.00000000
26,1,E01S00,Service,2024-01-04,Dinner,2024-01-04 16:00:00,2024-01-04 22:00:00,2024-01-04 16:00:00,2024-01-04 22:00:00,0.50000000,5.50000000,30.00000000,0,165.00000000
27,1,E01S01,Service,2024-01-04,Dinner,2024-01-04 16:00:00,2024-01-04 22:00:00,2024-01-04 16:00:00,2024-01-04 22:00:00,0.50000000,5.50000000,30.00000000,0,165.00000000
28,1,E01K00,Kitchen,2024-01-04,Dinner,2024-01-04 16:00:00,2024-01-04 22:00:00,2024-01-04 16:00:00,2024-01-04 22:00:00,0.50000000,5.50000000,34.00000000,0,187.00000000
29,1,E01M00,Manager,2024-01-04,Dinner,2024-01-04 16:00:00,2024-01-04 18:00:00,2024-01-04 16:00:00,2024-01-04 18:00:00,0.00000000,2.00000000,39.00000000,0,78.00000000
30,1,E01S00,Service,2024-01-05,Lunch,2024-01-05 11:00:00,2024-01-05 16:00:00,2024-01-05 11:00:00,2024-01-05 16:00:00,0.50000000,4.50000000,30.00000000,0,135.00000000
31,1,E01S01,Service,2024-01-05,Lunch,2024-01-05 11:00:00,2024-01-05 16:00:00,2024-01-05 11:00:00,2024-01-05 16:00:00,0.50000000,4.50000000,30.00000000,0,135.00000000
32,1,E01K00,Kitchen,2024-01-05,Lunch,2024-01-05 11:00:00,2024-01-05 16:00:00,2024-01-05 11:00:00,2024-01-05 16:00:00,0.50000000,4.50000000,34.00000000,0,153.00000000
33,1,E01M00,Manager,2024-01-05,Lunch,2024-01-05 11:00:00,2024-01-05 13:00:00,2024-01-05 11:00:00,2024-01-05 13:00:00,0.00000000,2.00000000,39.00000000,0,78.00000000
34,1,E01S00,Service,2024-01-05,Dinner,2024-01-05 16:00:00,2024-01-05 22:00:00,2024-01-05 16:00:00,2024-01-05 22:00:00,0.50000000,5.50000000,30.00000000,0,165.00000000
35,1,E01S01,Service,2024-01-05,Dinner,2024-01-05 16:00:00,2024-01-05 22:00:00,2024-01-05 16:00:00,2024-01-05 22:00:00,0.50000000,5.50000000,30.00000000,0,165.00000000
36,1,E01K00,Kitchen,2024-01-05,Dinner,2024-01-05 16:00:00,2024-01-05 22:00:00,2024-01-05 16:00:00,2024-01-05 22:00:00,0.50000000,5.50000000,34.00000000,0,187.00000000
37,1,E01K01,Kitchen,2024-01-05,Dinner,2024-01-05 16:00:00,2024-01-05 22:00:00,2024-01-05 16:00:00,2024-01-05 22:00:00,0.50000000,5.50000000,34.00000000,0,187.00000000
38,1,E01M00,Manager,2024-01-05,Dinner,2024-01-05 16:00:00,2024-01-05 18:00:00,2024-01-05 16:00:00,2024-01-05 18:00:00,0.00000000,2.00000000,39.00000000,0,78.00000000
39,1,E01S00,Service,2024-01-06,Lunch,2024-01-06 11:00:00,2024-01-06 16:00:00,2024-01-06 11:00:00,2024-01-06 16:00:00,0.50000000,4.50000000,37.50000000,0,168.75000000
40,1,E01S01,Service,2024-01-06,Lunch,2024-01-06 11:00:00,2024-01-06 16:00:00,2024-01-06 11:00:00,2024-01-06 16:00:00,0.50000000,4.50000000,37.50000000,0,168.75000000
41,1,E01K00,Kitchen,2024-01-06,Lunch,2024-01-06 11:00:00,2024-01-06 16:00:00,2024-01-06 11:00:00,2024-01-06 16:00:00,0.50000000,4.50000000,42.50000000,0,191.25000000
42,1,E01M00,Manager,2024-01-06,Lunch,2024-01-06 11:00:00,2024-01-06 13:00:00,2024-01-06 11:00:00,2024-01-06 13:00:00,0.00000000,2.00000000,48.75000000,0,97.50000000
43,1,E01S00,Service,2024-01-06,Dinner,2024-01-06 16:00:00,2024-01-06 22:00:00,2024-01-06 16:00:00,2024-01-06 22:00:00,0.50000000,5.50000000,37.50000000,0,206.25000000
44,1,E01S01,Service,2024-01-06,Dinner,2024-01-06 16:00:00,2024-01-06 22:00:00,2024-01-06 16:00:00,2024-01-06 22:00:00,0.50000000,5.50000000,37.50000000,0,206.25000000
45,1,E01K00,Kitchen,2024-01-06,Dinner,2024-01-06 16:00:00,2024-01-06 22:00:00,2024-01-06 16:00:00,2024-01-06 22:00:00,0.50000000,5.50000000,42.50000000,0,233.75000000
46,1,E01M00,Manager,2024-01-06,Dinner,2024-01-06 16:00:00,2024-01-06 18:00:00,2024-01-06 16:00:00,2024-01-06 18:00:00,0.00000000,2.00000000,48.75000000,0,97.50000000
47,1,E01S00,Service,2024-01-07,Lunch,2024-01-07 11:00:00,2024-01-07 16:00:00,2024-01-07 11:00:00,2024-01-07 16:00:00,0.50000000,4.50000000,37.50000000,0,168.75000000
48,1,E01K00,Kitchen,2024-01-07,Lunch,2024-01-07 11:00:00,2024-01-07 16:00:00,2024-01-07 11:00:00,2024-01-07 16:00:00,0.50000000,4.50000000,42.50000000,0,191.25000000
49,1,E01M00,Manager,2024-01-07,Lunch,2024-01-07 11:00:00,2024-01-07 13:00:00,2024-01-07 11:00:00,2024-01-07 13:00:00,0.00000000,2.00000000,48.75000000,0,97.50000000
50,1,E01S00,Service,2024-01-07,Dinner,2024-01-07 16:00:00,2024-01-07 22:00:00,2024-01-07 16:00:00,2024-01-07 22:00:00,0.50000000,5.50000000,37.50000000,0,206.25000000
51,1,E01K00,Kitchen,2024-01-07,Dinner,2024-01-07 16:00:00,2024-01-07 22:00:00,2024-01-07 16:00:00,2024-01-07 22:00:00,0.50000000,5.50000000,42.50000000,0,233.75000000
52,1,E01M00,Manager,2024-01-07,Dinner,2024-01-07 16:00:00,2024-01-07 18:00:00,2024-01-07 16:00:00,2024-01-07 18:00:00,0.00000000,2.00000000,48.75000000,0,97.50000000
53,1,E01S00,Service,2024-01-08,Lunch,2024-01-08 11:00:00,2024-01-08 16:00:00,2024-01-08 11:00:00,2024-01-08 16:00:00,0.50000000,4.50000000,30.00000000,0,135.00000000
54,1,E01K00,Kitchen,2024-01-08,Lunch,2024-01-08 11:00:00,2024-01-08 16:00:00,2024-01-08 11:00:00,2024-01-08 16:00:00,0.50000000,4.50000000,34.00000000,0,153.00000000
55,1,E01M00,Manager,2024-01-08,Lunch,2024-01-08 11:00:00,2024-01-08 13:00:00,2024-01-08 11:00:00,2024-01-08 13:00:00,0.00000000,2.00000000,39.00000000,0,78.00000000
56,1,E01S00,Service,2024-01-08,Dinner,2024-01-08 16:00:00,2024-01-08 22:00:00,2024-01-08 16:00:00,2024-01-08 22:00:00,0.50000000,5.50000000,30.00000000,0,165.00000000
57,1,E01K00,Kitchen,2024-01-08,Dinner,2024-01-08 16:00:00,2024-01-08 22:00:00,2024-01-08 16:00:00,2024-01-08 22:00:00,0.50000000,5.50000000,34.00000000,0,187.00000000
58,1,E01M00,Manager,2024-01-08,Dinner,2024-01-08 16:00:00,2024-01-08 18:00:00,2024-01-08 16:00:00,2024-01-08 18:00:00,0.00000000,2.00000000,39.00000000,0,78.00000000
59,1,E01S00,Service,2024-01-09,Lunch,2024-01-09 11:00:00,2024-01-09 16:00:00,2024-01-09 11:00:00,2024-01-09 16:00:00,0.50000000,4.50000000,30.00000000,0,135.00000000
60,1,E01K00,Kitchen,2024-01-09,Lunch,2024-01-09 11:00:00,2024-01-09 16:00:00,2024-01-09 11:00:00,2024-01-09 16:00:00,0.50000000,4.50000000,34.00000000,0,153.00000000
61,1,E01M00,Manager,2024-01-09,Lunch,2024-01-09 11:00:00,2024-01-09 13:00:00,2024-01-09 11:00:00,2024-01-09 13:00:00,0.00000000,2.00000000,39.00000000,0,78.00000000
62,1,E01S00,Service,2024-01-09,Dinner,2024-01-09 16:00:00,2024-01-09 22:00:00,2024-01-09 16:00:00,2024-01-09 22:00:00,0.50000000,5.50000000,30.00000000,0,165.00000000
63,1,E01S01,Service,2024-01-09,Dinner,2024-01-09 16:00:00,2024-01-09 22:00:00,2024-01-09 16:00:00,2024-01-09 22:00:00,0.50000000,5.50000000,30.00000000,0,165.00000000
64,1,E01K00,Kitchen,2024-01-09,Dinner,2024-01-09 16:00:00,2024-01-09 22:00:00,2024-01-09 16:00:00,2024-01-09 22:00:00,0.50000000,5.50000000,34.00000000,0,187.00000000
65,1,E01M00,Manager,2024-01-09,Dinner,2024-01-09 16:00:00,2024-01-09 18:00:00,2024-01-09 16:00:00,2024-01-09 18:00:00,0.00000000,2.00000000,39.00000000,0,78.00000000
66,1,E01S00,Service,2024-01-10,Lunch,2024-01-10 11:00:00,2024-01-10 16:00:00,2024-01-10 11:00:00,2024-01-10 16:00:00,0.50000000,4.50000000,30.00000000,0,135.00000000
67,1,E01S01,Service,2024-01-10,Lunch,2024-01-10 11:00:00,2024-01-10 16:00:00,2024-01-10 11:00:00,2024-01-10 16:00:00,0.50000000,4.50000000,30.00000000,0,135.00000000
68,1,E01K00,Kitchen,2024-01-10,Lunch,2024-01-10 11:00:00,2024-01-10 16:00:00,2024-01-10 11:00:00,2024-01-10 16:00:00,0.50000000,4.50000000,34.00000000,0,153.00000000
69,1,E01M00,Manager,2024-01-10,Lunch,2024-01-10 11:00:00,2024-01-10 13:00:00,2024-01-10 11:00:00,2024-01-10 13:00:00,0.00000000,2.00000000,39.00000000,0,78.00000000
70,1,E01S00,Service,2024-01-10,Dinner,2024-01-10 16:00:00,2024-01-10 22:00:00,2024-01-10 16:00:00,2024-01-10 22:00:00,0.50000000,5.50000000,30.00000000,0,165.00000000
71,1,E01S01,Service,2024-01-10,Dinner,2024-01-10 16:00:00,2024-01-10 22:00:00,2024-01-10 16:00:00,2024-01-10 22:00:00,0.50000000,5.50000000,30.00000000,0,165.00000000
72,1,E01K00,Kitchen,2024-01-10,Dinner,2024-01-10 16:00:00,2024-01-10 22:00:00,2024-01-10 16:00:00,2024-01-10 22:00:00,0.50000000,5.50000000,34.00000000,0,187.00000000
73,1,E01M00,Manager,2024-01-10,Dinner,2024-01-10 16:00:00,2024-01-10 18:00:00,2024-01-10 16:00:00,2024-01-10 18:00:00,0.00000000,2.00000000,39.00000000,0,78.00000000
74,1,E01S00,Service,2024-01-11,Lunch,2024-01-11 11:00:00,2024-01-11 16:00:00,2024-01-11 11:00:00,2024-01-11 16:00:00,0.50000000,4.50000000,30.00000000,0,135.00000000
75,1,E01S01,Service,2024-01-11,Lunch,2024-01-11 11:00:00,2024-01-11 16:00:00,2024-01-11 11:00:00,2024-01-11 16:00:00,0.50000000,4.50000000,30.00000000,0,135.00000000
76,1,E01K00,Kitchen,2024-01-11,Lunch,2024-01-11 11:00:00,2024-01-11 16:00:00,2024-01-11 11:00:00,2024-01-11 16:00:00,0.50000000,4.50000000,34.00000000,0,153.00000000
77,1,E01M00,Manager,2024-01-11,Lunch,2024-01-11 11:00:00,2024-01-11 13:00:00,2024-01-11 11:00:00,2024-01-11 13:00:00,0.00000000,2.00000000,39.00000000,0,78.00000000
78,1,E01S00,Service,2024-01-11,Dinner,2024-01-11 16:00:00,2024-01-11 22:00:00,2024-01-11 16:00:00,2024-01-11 22:00:00,0.50000000,5.50000000,30.00000000,0,165.00000000
79,1,E01S01,Service,2024-01-11,Dinner,2024-01-11 16:00:00,2024-01-11 22:00:00,2024-01-11 16:00:00,2024-01-11 22:00:00,0.50000000,5.50000000,30.00000000,0,165.00000000
80,1,E01K00,Kitchen,2024-01-11,Dinner,2024-01-11 16:00:00,2024-01-11 22:00:00,2024-01-11 16:00:00,2024-01-11 22:00:00,0.50000000,5.50000000,34.00000000,0,187.00000000
81,1,E01M00,Manager,2024-01-11,Dinner,2024-01-11 16:00:00,2024-01-11 18:00:00,2024-01-11 16:00:00,2024-01-11 18:00:00,0.00000000,2.00000000,39.00000000,0,78.00000000
82,1,E01S00,Service,2024-01-12,Lunch,2024-01-12 11:00:00,2024-01-12 16:00:00,2024-01-12 11:00:00,2024-01-12 16:00:00,0.50000000,4.50000000,30.00000000,0,135.00000000
83,1,E01S01,Service,2024-01-12,Lunch,2024-01-12 11:00:00,2024-01-12 16:00:00,2024-01-12 11:00:00,2024-01-12 16:00:00,0.50000000,4.50000000,30.00000000,0,135.00000000
84,1,E01K00,Kitchen,2024-01-12,Lunch,2024-01-12 11:00:00,2024-01-12 16:00:00,2024-01-12 11:00:00,2024-01-12 16:00:00,0.50000000,4.50000000,34.00000000,0,153.00000000
85,1,E01M00,Manager,2024-01-12,Lunch,2024-01-12 11:00:00,2024-01-12 13:00:00,2024-01-12 11:00:00,2024-01-12 13:00:00,0.00000000,2.00000000,39.00000000,0,78.00000000
86,1,E01S00,Service,2024-01-12,Dinner,2024-01-12 16:00:00,2024-01-12 22:00:00,2024-01-12 16:00:00,2024-01-12 22:00:00,0.50000000,5.50000000,30.00000000,0,165.00000000
87,1,E01S01,Service,2024-01-12,Dinner,2024-01-12 16:00:00,2024-01-12 22:00:00,2024-01-12 16:00:00,2024-01-12 22:00:00,0.50000000,5.50000000,30.00000000,0,165.00000000
88,1,E01K00,Kitchen,2024-01-12,Dinner,2024-01-12 16:00:00,2024-01-12 22:00:00,2024-01-12 16:00:00,2024-01-12 22:00:00,0.50000000,5.50000000,34.00000000,0,187.00000000
89,1,E01K01,Kitchen,2024-01-12,Dinner,2024-01-12 16:00:00,2024-01-12 22:00:00,2024-01-12 16:00:00,2024-01-12 22:00:00,0.50000000,5.50000000,34.00000000,0,187.00000000
90,1,E01M00,Manager,2024-01-12,Dinner,2024-01-12 16:00:00,2024-01-12 18:00:00,2024-01-12 16:00:00,2024-01-12 18:00:00,0.00000000,2.00000000,39.00000000,0,78.00000000
91,1,E01S00,Service,2024-01-13,Lunch,2024-01-13 11:00:00,2024-01-13 16:00:00,2024-01-13 11:00:00,2024-01-13 16:00:00,0.50000000,4.50000000,37.50000000,0,168.75000000
92,1,E01S01,Service,2024-01-13,Lunch,2024-01-13 11:00:00,2024-01-13 16:00:00,2024-01-13 11:00:00,2024-01-13 16:00:00,0.50000000,4.50000000,37.50000000,0,168.75000000
93,1,E01K00,Kitchen,2024-01-13,Lunch,2024-01-13 11:00:00,2024-01-13 16:00:00,2024-01-13 11:00:00,2024-01-13 16:00:00,0.50000000,4.50000000,42.50000000,0,191.25000000
94,1,E01M00,Manager,2024-01-13,Lunch,2024-01-13 11:00:00,2024-01-13 13:00:00,2024-01-13 11:00:00,2024-01-13 13:00:00,0.00000000,2.00000000,48.75000000,0,97.50000000
95,1,E01S00,Service,2024-01-13,Dinner,2024-01-13 16:00:00,2024-01-13 22:00:00,2024-01-13 16:00:00,2024-01-13 22:00:00,0.50000000,5.50000000,37.50000000,0,206.25000000
96,1,E01S01,Service,2024-01-13,Dinner,2024-01-13 16:00:00,2024-01-13 22:00:00,2024-01-13 16:00:00,2024-01-13 22:00:00,0.50000000,5.50000000,37.50000000,0,206.25000000
97,1,E01K00,Kitchen,2024-01-13,Dinner,2024-01-13 16:00:00,2024-01-13 22:00:00,2024-01-13 16:00:00,2024-01-13 22:00:00,0.50000000,5.50000000,42.50000000,0,233.75000000
98,1,E01M00,Manager,2024-01-13,Dinner,2024-01-13 16:00:00,2024-01-13 18:00:00,2024-01-13 16:00:00,2024-01-13 18:00:00,0.00000000,2.00000000,48.75000000,0,97.50000000
99,1,E01S00,Service,2024-01-14,Lunch,2024-01-14 11:00:00,2024-01-14 16:00:00,2024-01-14 11:00:00,2024-01-14 16:00:00,0.50000000,4.50000000,37.50000000,0,168.75000000
100,1,E01K00,Kitchen,2024-01-14,Lunch,2024-01-14 11:00:00,2024-01-14 16:00:00,2024-01-14 11:00:00,2024-01-14 16:00:00,0.50000000,4.50000000,42.50000000,0,191.25000000
