loyalty_event_id,customer_id,restaurant_id,order_id,event_date,event_type,points
1,545,1,,2024-01-01,Enroll,0
2,36,1,,2024-01-01,Enroll,0
3,1,1,,2024-01-01,Enroll,0
4,77,1,,2024-01-01,Enroll,0
5,2656,1,,2024-01-01,Enroll,0
6,452,1,,2024-01-01,Enroll,0
7,1114,1,,2024-01-01,Enroll,0
8,197,1,,2024-01-01,Enroll,0
9,2128,1,,2024-01-01,Enroll,0
10,216,1,,2024-01-01,Enroll,0
11,282,1,,2024-01-01,Enroll,0
12,468,1,,2024-01-01,Enroll,0
13,111,1,,2024-01-01,Enroll,0
14,107,1,,2024-01-01,Enroll,0
15,838,1,,2024-01-01,Enroll,0
16,594,1,,2024-01-01,Enroll,0
17,2516,1,,2024-01-01,Enroll,0
18,358,1,,2024-01-01,Enroll,0
19,1965,1,,2024-01-01,Enroll,0
20,1093,1,,2024-01-01,Enroll,0
21,345,1,,2024-01-01,Enroll,0
22,11,1,,2024-01-01,Enroll,0
23,2467,1,,2024-01-01,Enroll,0
24,160,1,,2024-01-01,Enroll,0
25,1184,1,,2024-01-01,Enroll,0
26,127,1,,2024-01-01,Enroll,0
27,367,1,,2024-01-01,Enroll,0
28,1152,1,,2024-01-01,Enroll,0
29,1423,1,,2024-01-01,Enroll,0
30,2917,1,,2024-01-01,Enroll,0
31,1704,1,,2024-01-01,Enroll,0
32,5412,2,,2024-01-01,Enroll,0
33,3114,2,,2024-01-01,Enroll,0
34,4981,2,,2024-01-01,Enroll,0
35,5211,2,,2024-01-01,Enroll,0
36,3039,2,,2024-01-01,Enroll,0
37,4058,2,,2024-01-01,Enroll,0
38,4331,2,,2024-01-01,Enroll,0
39,3366,2,,2024-01-01,Enroll,0
40,3946,2,,2024-01-01,Enroll,0
41,3009,2,,2024-01-01,Enroll,0
42,3596,2,,2024-01-01,Enroll,0
43,3494,2,,2024-01-01,Enroll,0
44,3875,2,,2024-01-01,Enroll,0
45,4895,2,,2024-01-01,Enroll,0
46,5889,2,,2024-01-01,Enroll,0
47,3862,2,,2024-01-01,Enroll,0
48,4713,2,,2024-01-01,Enroll,0
49,3001,2,,2024-01-01,Enroll,0
50,3340,2,,2024-01-01,Enroll,0
51,3510,2,,2024-01-01,Enroll,0
52,3019,2,,2024-01-01,Enroll,0
53,3007,2,,2024-01-01,Enroll,0
54,3198,2,,2024-01-01,Enroll,0
55,3459,2,,2024-01-01,Enroll,0
56,3022,2,,2024-01-01,Enroll,0
57,5235,2,,2024-01-01,Enroll,0
58,4178,2,,2024-01-01,Enroll,0
59,3224,2,,2024-01-01,Enroll,0
60,5514,2,,2024-01-01,Enroll,0
61,3933,2,,2024-01-01,Enroll,0
62,3002,2,,2024-01-01,Enroll,0
63,8616,3,,2024-01-01,Enroll,0
64,6328,3,,2024-01-01,Enroll,0
65,6086,3,,2024-01-01,Enroll,0
66,6006,3,,2024-01-01,Enroll,0
67,8646,3,,2024-01-01,Enroll,0
68,6162,3,,2024-01-01,Enroll,0
69,6274,3,,2024-01-01,Enroll,0
70,6123,3,,2024-01-01,Enroll,0
71,6171,3,,2024-01-01,Enroll,0
72,6192,3,,2024-01-01,Enroll,0
73,6562,3,,2024-01-01,Enroll,0
74,7464,3,,2024-01-01,Enroll,0
75,6291,3,,2024-01-01,Enroll,0
76,8494,3,,2024-01-01,Enroll,0
77,6140,3,,2024-01-01,Enroll,0
78,7412,3,,2024-01-01,Enroll,0
79,7631,3,,2024-01-01,Enroll,0
80,6035,3,,2024-01-01,Enroll,0
81,6759,3,,2024-01-01,Enroll,0
82,6061,3,,2024-01-01,Enroll,0
83,6110,3,,2024-01-01,Enroll,0
84,6009,3,,2024-01-01,Enroll,0
85,6490,3,,2024-01-01,Enroll,0
86,6050,3,,2024-01-01,Enroll,0
87,7136,3,,2024-01-01,Enroll,0
88,6742,3,,2024-01-01,Enroll,0
89,6964,3,,2024-01-01,Enroll,0
90,6001,3,,2024-01-01,Enroll,0
91,7295,3,,2024-01-01,Enroll,0
92,9790,4,,2024-01-01,Enroll,0
93,10616,4,,2024-01-01,Enroll,0
94,9599,4,,2024-01-01,Enroll,0
95,10442,4,,2024-01-01,Enroll,0
96,9825,4,,2024-01-01,Enroll,0
97,9529,4,,2024-01-01,Enroll,0
98,10510,4,,2024-01-01,Enroll,0
99,11775,4,,2024-01-01,Enroll,0
100,10550,4,,2024-01-01,Enroll,0
