promotion_id,restaurant_id,campaign_name,start_date,end_date,discount_rate,eligible_category,campaign_cost
P01202403,1,Local Lunch,2024-03-25,2024-04-07,0.10000000,All,420
P01202406,1,Winter Value,2024-06-25,2024-07-08,0.20000000,All,650
P01202410,1,Spring Social,2024-10-25,2024-11-07,0.15000000,All,520
P01202503,1,Local Lunch,2025-03-25,2025-04-07,0.10000000,All,420
P01202506,1,Winter Value,2025-06-25,2025-07-08,0.20000000,All,650
P01202510,1,Spring Social,2025-10-25,2025-11-07,0.15000000,All,520
P02202403,2,Local Lunch,2024-04-15,2024-04-28,0.10000000,All,420
P02202406,2,Winter Value,2024-07-16,2024-07-29,0.20000000,All,650
P02202410,2,Spring Social,2024-11-15,2024-11-28,0.15000000,All,520
P02202503,2,Local Lunch,2025-04-15,2025-04-28,0.10000000,All,420
P02202506,2,Winter Value,2025-07-16,2025-07-29,0.20000000,All,650
P02202510,2,Spring Social,2025-11-15,2025-11-28,0.15000000,All,520
P03202403,3,Local Lunch,2024-03-04,2024-03-17,0.10000000,All,420
P03202406,3,Winter Value,2024-06-04,2024-06-17,0.20000000,All,650
P03202410,3,Spring Social,2024-10-04,2024-10-17,0.15000000,All,520
P03202503,3,Local Lunch,2025-03-04,2025-03-17,0.10000000,All,420
P03202506,3,Winter Value,2025-06-04,2025-06-17,0.20000000,All,650
P03202510,3,Spring Social,2025-10-04,2025-10-17,0.15000000,All,520
P04202403,4,Local Lunch,2024-03-25,2024-04-07,0.10000000,All,420
P04202406,4,Winter Value,2024-06-25,2024-07-08,0.20000000,All,650
P04202410,4,Spring Social,2024-10-25,2024-11-07,0.15000000,All,520
P04202503,4,Local Lunch,2025-03-25,2025-04-07,0.10000000,All,420
P04202506,4,Winter Value,2025-06-25,2025-07-08,0.20000000,All,650
P04202510,4,Spring Social,2025-10-25,2025-11-07,0.15000000,All,520
P05202403,5,Local Lunch,2024-04-15,2024-04-28,0.10000000,All,420
P05202406,5,Winter Value,2024-07-16,2024-07-29,0.20000000,All,650
P05202410,5,Spring Social,2024-11-15,2024-11-28,0.15000000,All,520
P05202503,5,Local Lunch,2025-04-15,2025-04-28,0.10000000,All,420
P05202506,5,Winter Value,2025-07-16,2025-07-29,0.20000000,All,650
P05202510,5,Spring Social,2025-11-15,2025-11-28,0.15000000,All,520
P06202403,6,Local Lunch,2024-03-04,2024-03-17,0.10000000,All,420
P06202406,6,Winter Value,2024-06-04,2024-06-17,0.20000000,All,650
P06202410,6,Spring Social,2024-10-04,2024-10-17,0.15000000,All,520
P06202503,6,Local Lunch,2025-03-04,2025-03-17,0.10000000,All,420
P06202506,6,Winter Value,2025-06-04,2025-06-17,0.20000000,All,650
P06202510,6,Spring Social,2025-10-04,2025-10-17,0.15000000,All,520
P07202403,7,Local Lunch,2024-03-25,2024-04-07,0.10000000,All,420
P07202406,7,Winter Value,2024-06-25,2024-07-08,0.20000000,All,650
P07202410,7,Spring Social,2024-10-25,2024-11-07,0.15000000,All,520
P07202503,7,Local Lunch,2025-03-25,2025-04-07,0.10000000,All,420
P07202506,7,Winter Value,2025-06-25,2025-07-08,0.20000000,All,650
P07202510,7,Spring Social,2025-10-25,2025-11-07,0.15000000,All,520
P08202403,8,Local Lunch,2024-04-15,2024-04-28,0.10000000,All,420
P08202406,8,Winter Value,2024-07-16,2024-07-29,0.20000000,All,650
P08202410,8,Spring Social,2024-11-15,2024-11-28,0.15000000,All,520
P08202503,8,Local Lunch,2025-04-15,2025-04-28,0.10000000,All,420
P08202506,8,Winter Value,2025-07-16,2025-07-29,0.20000000,All,650
P08202510,8,Spring Social,2025-11-15,2025-11-28,0.15000000,All,520
P09202403,9,Local Lunch,2024-03-04,2024-03-17,0.10000000,All,420
P09202406,9,Winter Value,2024-06-04,2024-06-17,0.20000000,All,650
P09202410,9,Spring Social,2024-10-04,2024-10-17,0.15000000,All,520
P09202503,9,Local Lunch,2025-03-04,2025-03-17,0.10000000,All,420
P09202506,9,Winter Value,2025-06-04,2025-06-17,0.20000000,All,650
P09202510,9,Spring Social,2025-10-04,2025-10-17,0.15000000,All,520
P10202403,10,Local Lunch,2024-03-25,2024-04-07,0.10000000,All,420
P10202406,10,Winter Value,2024-06-25,2024-07-08,0.20000000,All,650
P10202410,10,Spring Social,2024-10-25,2024-11-07,0.15000000,All,520
P10202503,10,Local Lunch,2025-03-25,2025-04-07,0.10000000,All,420
P10202506,10,Winter Value,2025-06-25,2025-07-08,0.20000000,All,650
P10202510,10,Spring Social,2025-10-25,2025-11-07,0.15000000,All,520
P11202403,11,Local Lunch,2024-04-15,2024-04-28,0.10000000,All,420
P11202406,11,Winter Value,2024-07-16,2024-07-29,0.20000000,All,650
P11202410,11,Spring Social,2024-11-15,2024-11-28,0.15000000,All,520
P11202503,11,Local Lunch,2025-04-15,2025-04-28,0.10000000,All,420
P11202506,11,Winter Value,2025-07-16,2025-07-29,0.20000000,All,650
P11202510,11,Spring Social,2025-11-15,2025-11-28,0.15000000,All,520
P12202403,12,Local Lunch,2024-03-04,2024-03-17,0.10000000,All,420
P12202406,12,Winter Value,2024-06-04,2024-06-17,0.20000000,All,650
P12202410,12,Spring Social,2024-10-04,2024-10-17,0.15000000,All,520
P12202503,12,Local Lunch,2025-03-04,2025-03-17,0.10000000,All,420
P12202506,12,Winter Value,2025-06-04,2025-06-17,0.20000000,All,650
P12202510,12,Spring Social,2025-10-04,2025-10-17,0.15000000,All,520
P13202403,13,Local Lunch,2024-03-25,2024-04-07,0.10000000,All,420
P13202406,13,Winter Value,2024-06-25,2024-07-08,0.20000000,All,650
P13202410,13,Spring Social,2024-10-25,2024-11-07,0.15000000,All,520
P13202503,13,Local Lunch,2025-03-25,2025-04-07,0.10000000,All,420
P13202506,13,Winter Value,2025-06-25,2025-07-08,0.20000000,All,650
P13202510,13,Spring Social,2025-10-25,2025-11-07,0.15000000,All,520
P14202403,14,Local Lunch,2024-04-15,2024-04-28,0.10000000,All,420
P14202406,14,Winter Value,2024-07-16,2024-07-29,0.20000000,All,650
P14202410,14,Spring Social,2024-11-15,2024-11-28,0.15000000,All,520
P14202503,14,Local Lunch,2025-04-15,2025-04-28,0.10000000,All,420
P14202506,14,Winter Value,2025-07-16,2025-07-29,0.20000000,All,650
P14202510,14,Spring Social,2025-11-15,2025-11-28,0.15000000,All,520
P15202403,15,Local Lunch,2024-03-04,2024-03-17,0.10000000,All,420
P15202406,15,Winter Value,2024-06-04,2024-06-17,0.20000000,All,650
P15202410,15,Spring Social,2024-10-04,2024-10-17,0.15000000,All,520
P15202503,15,Local Lunch,2025-03-04,2025-03-17,0.10000000,All,420
P15202506,15,Winter Value,2025-06-04,2025-06-17,0.20000000,All,650
P15202510,15,Spring Social,2025-10-04,2025-10-17,0.15000000,All,520
P16202403,16,Local Lunch,2024-03-25,2024-04-07,0.10000000,All,420
P16202406,16,Winter Value,2024-06-25,2024-07-08,0.20000000,All,650
P16202410,16,Spring Social,2024-10-25,2024-11-07,0.15000000,All,520
P16202503,16,Local Lunch,2025-03-25,2025-04-07,0.10000000,All,420
P16202506,16,Winter Value,2025-06-25,2025-07-08,0.20000000,All,650
P16202510,16,Spring Social,2025-10-25,2025-11-07,0.15000000,All,520
P17202403,17,Local Lunch,2024-04-15,2024-04-28,0.10000000,All,420
P17202406,17,Winter Value,2024-07-16,2024-07-29,0.20000000,All,650
P17202410,17,Spring Social,2024-11-15,2024-11-28,0.15000000,All,520
P17202503,17,Local Lunch,2025-04-15,2025-04-28,0.10000000,All,420
