restaurant_id,month,revenue_target,operating_margin_target,labour_pct_target,waste_pct_target,satisfaction_target
1,2024-01,111421.44000000,0.16000000,0.30000000,0.04000000,4.20000000
1,2024-02,104232.96000000,0.16000000,0.30000000,0.04000000,4.20000000
1,2024-03,111421.44000000,0.16000000,0.30000000,0.04000000,4.20000000
1,2024-04,107827.20000000,0.16000000,0.30000000,0.04000000,4.20000000
1,2024-05,111421.44000000,0.16000000,0.30000000,0.04000000,4.20000000
1,2024-06,107827.20000000,0.16000000,0.30000000,0.04000000,4.20000000
1,2024-07,111421.44000000,0.16000000,0.30000000,0.04000000,4.20000000
1,2024-08,111421.44000000,0.16000000,0.30000000,0.04000000,4.20000000
1,2024-09,107827.20000000,0.16000000,0.30000000,0.04000000,4.20000000
1,2024-10,111421.44000000,0.16000000,0.30000000,0.04000000,4.20000000
1,2024-11,107827.20000000,0.16000000,0.30000000,0.04000000,4.20000000
1,2024-12,111421.44000000,0.16000000,0.30000000,0.04000000,4.20000000
1,2025-01,118106.73000000,0.16000000,0.30000000,0.04000000,4.20000000
1,2025-02,106677.04000000,0.16000000,0.30000000,0.04000000,4.20000000
1,2025-03,118106.73000000,0.16000000,0.30000000,0.04000000,4.20000000
1,2025-04,114296.83000000,0.16000000,0.30000000,0.04000000,4.20000000
1,2025-05,118106.73000000,0.16000000,0.30000000,0.04000000,4.20000000
1,2025-06,114296.83000000,0.16000000,0.30000000,0.04000000,4.20000000
1,2025-07,118106.73000000,0.16000000,0.30000000,0.04000000,4.20000000
1,2025-08,118106.73000000,0.16000000,0.30000000,0.04000000,4.20000000
1,2025-09,114296.83000000,0.16000000,0.30000000,0.04000000,4.20000000
1,2025-10,118106.73000000,0.16000000,0.30000000,0.04000000,4.20000000
1,2025-11,114296.83000000,0.16000000,0.30000000,0.04000000,4.20000000
1,2025-12,118106.73000000,0.16000000,0.30000000,0.04000000,4.20000000
2,2024-01,95752.80000000,0.16000000,0.30000000,0.04000000,4.20000000
2,2024-02,89575.20000000,0.16000000,0.30000000,0.04000000,4.20000000
2,2024-03,95752.80000000,0.16000000,0.30000000,0.04000000,4.20000000
2,2024-04,92664.00000000,0.16000000,0.30000000,0.04000000,4.20000000
2,2024-05,95752.80000000,0.16000000,0.30000000,0.04000000,4.20000000
2,2024-06,92664.00000000,0.16000000,0.30000000,0.04000000,4.20000000
2,2024-07,95752.80000000,0.16000000,0.30000000,0.04000000,4.20000000
2,2024-08,95752.80000000,0.16000000,0.30000000,0.04000000,4.20000000
2,2024-09,92664.00000000,0.16000000,0.30000000,0.04000000,4.20000000
2,2024-10,95752.80000000,0.16000000,0.30000000,0.04000000,4.20000000
2,2024-11,92664.00000000,0.16000000,0.30000000,0.04000000,4.20000000
2,2024-12,95752.80000000,0.16000000,0.30000000,0.04000000,4.20000000
2,2025-01,101497.97000000,0.16000000,0.30000000,0.04000000,4.20000000
2,2025-02,91675.58000000,0.16000000,0.30000000,0.04000000,4.20000000
2,2025-03,101497.97000000,0.16000000,0.30000000,0.04000000,4.20000000
2,2025-04,98223.84000000,0.16000000,0.30000000,0.04000000,4.20000000
2,2025-05,101497.97000000,0.16000000,0.30000000,0.04000000,4.20000000
2,2025-06,98223.84000000,0.16000000,0.30000000,0.04000000,4.20000000
2,2025-07,101497.97000000,0.16000000,0.30000000,0.04000000,4.20000000
2,2025-08,101497.97000000,0.16000000,0.30000000,0.04000000,4.20000000
2,2025-09,98223.84000000,0.16000000,0.30000000,0.04000000,4.20000000
2,2025-10,101497.97000000,0.16000000,0.30000000,0.04000000,4.20000000
2,2025-11,98223.84000000,0.16000000,0.30000000,0.04000000,4.20000000
2,2025-12,101497.97000000,0.16000000,0.30000000,0.04000000,4.20000000
3,2024-01,83566.08000000,0.16000000,0.30000000,0.04000000,4.20000000
3,2024-02,78174.72000000,0.16000000,0.30000000,0.04000000,4.20000000
3,2024-03,83566.08000000,0.16000000,0.30000000,0.04000000,4.20000000
3,2024-04,80870.40000000,0.16000000,0.30000000,0.04000000,4.20000000
3,2024-05,83566.08000000,0.16000000,0.30000000,0.04000000,4.20000000
3,2024-06,80870.40000000,0.16000000,0.30000000,0.04000000,4.20000000
3,2024-07,83566.08000000,0.16000000,0.30000000,0.04000000,4.20000000
3,2024-08,83566.08000000,0.16000000,0.30000000,0.04000000,4.20000000
3,2024-09,80870.40000000,0.16000000,0.30000000,0.04000000,4.20000000
3,2024-10,83566.08000000,0.16000000,0.30000000,0.04000000,4.20000000
3,2024-11,80870.40000000,0.16000000,0.30000000,0.04000000,4.20000000
3,2024-12,83566.08000000,0.16000000,0.30000000,0.04000000,4.20000000
3,2025-01,88580.04000000,0.16000000,0.30000000,0.04000000,4.20000000
3,2025-02,80007.78000000,0.16000000,0.30000000,0.04000000,4.20000000
3,2025-03,88580.04000000,0.16000000,0.30000000,0.04000000,4.20000000
3,2025-04,85722.62000000,0.16000000,0.30000000,0.04000000,4.20000000
3,2025-05,88580.04000000,0.16000000,0.30000000,0.04000000,4.20000000
3,2025-06,85722.62000000,0.16000000,0.30000000,0.04000000,4.20000000
3,2025-07,88580.04000000,0.16000000,0.30000000,0.04000000,4.20000000
3,2025-08,88580.04000000,0.16000000,0.30000000,0.04000000,4.20000000
3,2025-09,85722.62000000,0.16000000,0.30000000,0.04000000,4.20000000
3,2025-10,88580.04000000,0.16000000,0.30000000,0.04000000,4.20000000
3,2025-11,85722.62000000,0.16000000,0.30000000,0.04000000,4.20000000
3,2025-12,88580.04000000,0.16000000,0.30000000,0.04000000,4.20000000
4,2024-01,76602.24000000,0.16000000,0.30000000,0.04000000,4.20000000
4,2024-02,71660.16000000,0.16000000,0.30000000,0.04000000,4.20000000
4,2024-03,76602.24000000,0.16000000,0.30000000,0.04000000,4.20000000
4,2024-04,74131.20000000,0.16000000,0.30000000,0.04000000,4.20000000
4,2024-05,76602.24000000,0.16000000,0.30000000,0.04000000,4.20000000
4,2024-06,74131.20000000,0.16000000,0.30000000,0.04000000,4.20000000
4,2024-07,76602.24000000,0.16000000,0.30000000,0.04000000,4.20000000
4,2024-08,76602.24000000,0.16000000,0.30000000,0.04000000,4.20000000
4,2024-09,74131.20000000,0.16000000,0.30000000,0.04000000,4.20000000
4,2024-10,76602.24000000,0.16000000,0.30000000,0.04000000,4.20000000
4,2024-11,74131.20000000,0.16000000,0.30000000,0.04000000,4.20000000
4,2024-12,76602.24000000,0.16000000,0.30000000,0.04000000,4.20000000
4,2025-01,81198.37000000,0.16000000,0.30000000,0.04000000,4.20000000
4,2025-02,73340.47000000,0.16000000,0.30000000,0.04000000,4.20000000
4,2025-03,81198.37000000,0.16000000,0.30000000,0.04000000,4.20000000
4,2025-04,78579.07000000,0.16000000,0.30000000,0.04000000,4.20000000
4,2025-05,81198.37000000,0.16000000,0.30000000,0.04000000,4.20000000
4,2025-06,78579.07000000,0.16000000,0.30000000,0.04000000,4.20000000
4,2025-07,81198.37000000,0.16000000,0.30000000,0.04000000,4.20000000
4,2025-08,81198.37000000,0.16000000,0.30000000,0.04000000,4.20000000
4,2025-09,78579.07000000,0.16000000,0.30000000,0.04000000,4.20000000
4,2025-10,81198.37000000,0.16000000,0.30000000,0.04000000,4.20000000
4,2025-11,78579.07000000,0.16000000,0.30000000,0.04000000,4.20000000
4,2025-12,81198.37000000,0.16000000,0.30000000,0.04000000,4.20000000
5,2024-01,94011.84000000,0.16000000,0.30000000,0.04000000,4.20000000
5,2024-02,87946.56000000,0.16000000,0.30000000,0.04000000,4.20000000
5,2024-03,94011.84000000,0.16000000,0.30000000,0.04000000,4.20000000
5,2024-04,90979.20000000,0.16000000,0.30000000,0.04000000,4.20000000
