transaction_line_id,order_id,restaurant_id,restaurant_name,timestamp_local,product_id,quantity,channel,customer_id,promotion_id,list_revenue,discount_amount,net_revenue,gst_amount,ingredient_cost,business_date,month,hour,daypart
1,1,1,Sydney Central,2024-01-01 14:35:16,10,1,Takeaway,545.00000000,,22.00000000,0.00000000,22.00000000,2.20000000,7.10000000,2024-01-01,2024-01,14,Lunch
2,1,1,Sydney Central,2024-01-01 14:35:16,3,1,Takeaway,545.00000000,,21.00000000,0.00000000,21.00000000,2.10000000,6.30000000,2024-01-01,2024-01,14,Lunch
3,2,1,Sydney Central,2024-01-01 14:06:16,12,1,Takeaway,36.00000000,,8.00000000,0.00000000,8.00000000,0.80000000,1.80000000,2024-01-01,2024-01,14,Lunch
4,2,1,Sydney Central,2024-01-01 14:06:16,16,1,Takeaway,36.00000000,,5.00000000,0.00000000,5.00000000,0.50000000,1.20000000,2024-01-01,2024-01,14,Lunch
5,3,1,Sydney Central,2024-01-01 20:10:50,22,1,Dine-in,1.00000000,,12.00000000,0.00000000,12.00000000,1.20000000,3.70000000,2024-01-01,2024-01,20,Dinner
6,3,1,Sydney Central,2024-01-01 20:10:50,9,1,Dine-in,1.00000000,,17.00000000,0.00000000,17.00000000,1.70000000,4.90000000,2024-01-01,2024-01,20,Dinner
7,4,1,Sydney Central,2024-01-01 19:33:31,14,1,Dine-in,,,7.00000000,0.00000000,7.00000000,0.70000000,1.50000000,2024-01-01,2024-01,19,Dinner
8,4,1,Sydney Central,2024-01-01 19:33:31,8,1,Dine-in,,,25.00000000,0.00000000,25.00000000,2.50000000,9.20000000,2024-01-01,2024-01,19,Dinner
9,4,1,Sydney Central,2024-01-01 19:33:31,23,1,Dine-in,,,8.00000000,0.00000000,8.00000000,0.80000000,1.90000000,2024-01-01,2024-01,19,Dinner
10,5,1,Sydney Central,2024-01-01 18:25:18,12,1,Delivery,77.00000000,,8.00000000,0.00000000,8.00000000,0.80000000,1.80000000,2024-01-01,2024-01,18,Dinner
11,5,1,Sydney Central,2024-01-01 18:25:18,10,1,Delivery,77.00000000,,22.00000000,0.00000000,22.00000000,2.20000000,7.10000000,2024-01-01,2024-01,18,Dinner
12,6,1,Sydney Central,2024-01-01 21:01:20,12,1,Dine-in,2656.00000000,,8.00000000,0.00000000,8.00000000,0.80000000,1.80000000,2024-01-01,2024-01,21,Dinner
13,6,1,Sydney Central,2024-01-01 21:01:20,21,1,Dine-in,2656.00000000,,10.00000000,0.00000000,10.00000000,1.00000000,2.60000000,2024-01-01,2024-01,21,Dinner
14,6,1,Sydney Central,2024-01-01 21:01:20,6,1,Dine-in,2656.00000000,,24.00000000,0.00000000,24.00000000,2.40000000,7.80000000,2024-01-01,2024-01,21,Dinner
15,7,1,Sydney Central,2024-01-01 20:22:45,1,1,Dine-in,452.00000000,,22.00000000,0.00000000,22.00000000,2.20000000,7.30000000,2024-01-01,2024-01,20,Dinner
16,7,1,Sydney Central,2024-01-01 20:22:45,5,2,Dine-in,452.00000000,,70.00000000,0.00000000,70.00000000,7.00000000,29.00000000,2024-01-01,2024-01,20,Dinner
17,7,1,Sydney Central,2024-01-01 20:22:45,10,1,Dine-in,452.00000000,,22.00000000,0.00000000,22.00000000,2.20000000,7.10000000,2024-01-01,2024-01,20,Dinner
18,8,1,Sydney Central,2024-01-01 12:48:14,15,1,Dine-in,1114.00000000,,6.00000000,0.00000000,6.00000000,0.60000000,1.40000000,2024-01-01,2024-01,12,Lunch
19,8,1,Sydney Central,2024-01-01 12:48:14,1,1,Dine-in,1114.00000000,,22.00000000,0.00000000,22.00000000,2.20000000,7.30000000,2024-01-01,2024-01,12,Lunch
20,8,1,Sydney Central,2024-01-01 12:48:14,8,1,Dine-in,1114.00000000,,25.00000000,0.00000000,25.00000000,2.50000000,9.20000000,2024-01-01,2024-01,12,Lunch
21,9,1,Sydney Central,2024-01-01 17:35:13,21,2,Dine-in,197.00000000,,20.00000000,0.00000000,20.00000000,2.00000000,5.20000000,2024-01-01,2024-01,17,Dinner
22,9,1,Sydney Central,2024-01-01 17:35:13,7,1,Dine-in,197.00000000,,23.00000000,0.00000000,23.00000000,2.30000000,6.40000000,2024-01-01,2024-01,17,Dinner
23,9,1,Sydney Central,2024-01-01 17:35:13,15,1,Dine-in,197.00000000,,6.00000000,0.00000000,6.00000000,0.60000000,1.40000000,2024-01-01,2024-01,17,Dinner
24,10,1,Sydney Central,2024-01-01 20:36:00,8,1,Dine-in,,,25.00000000,0.00000000,25.00000000,2.50000000,9.20000000,2024-01-01,2024-01,20,Dinner
25,10,1,Sydney Central,2024-01-01 20:36:00,19,1,Dine-in,,,5.00000000,0.00000000,5.00000000,0.50000000,0.90000000,2024-01-01,2024-01,20,Dinner
26,10,1,Sydney Central,2024-01-01 20:36:00,1,1,Dine-in,,,22.00000000,0.00000000,22.00000000,2.20000000,7.30000000,2024-01-01,2024-01,20,Dinner
27,11,1,Sydney Central,2024-01-01 12:47:21,16,2,Delivery,,,10.00000000,0.00000000,10.00000000,1.00000000,2.40000000,2024-01-01,2024-01,12,Lunch
28,11,1,Sydney Central,2024-01-01 12:47:21,18,1,Delivery,,,6.00000000,0.00000000,6.00000000,0.60000000,1.30000000,2024-01-01,2024-01,12,Lunch
29,11,1,Sydney Central,2024-01-01 12:47:21,1,1,Delivery,,,22.00000000,0.00000000,22.00000000,2.20000000,7.30000000,2024-01-01,2024-01,12,Lunch
30,12,1,Sydney Central,2024-01-01 12:28:50,8,1,Dine-in,2128.00000000,,25.00000000,0.00000000,25.00000000,2.50000000,9.20000000,2024-01-01,2024-01,12,Lunch
31,12,1,Sydney Central,2024-01-01 12:28:50,3,2,Dine-in,2128.00000000,,42.00000000,0.00000000,42.00000000,4.20000000,12.60000000,2024-01-01,2024-01,12,Lunch
32,12,1,Sydney Central,2024-01-01 12:28:50,23,1,Dine-in,2128.00000000,,8.00000000,0.00000000,8.00000000,0.80000000,1.90000000,2024-01-01,2024-01,12,Lunch
33,13,1,Sydney Central,2024-01-01 20:25:19,16,1,Dine-in,216.00000000,,5.00000000,0.00000000,5.00000000,0.50000000,1.20000000,2024-01-01,2024-01,20,Dinner
34,13,1,Sydney Central,2024-01-01 20:25:19,16,1,Dine-in,216.00000000,,5.00000000,0.00000000,5.00000000,0.50000000,1.20000000,2024-01-01,2024-01,20,Dinner
35,13,1,Sydney Central,2024-01-01 20:25:19,5,1,Dine-in,216.00000000,,35.00000000,0.00000000,35.00000000,3.50000000,14.50000000,2024-01-01,2024-01,20,Dinner
36,13,1,Sydney Central,2024-01-01 20:25:19,12,2,Dine-in,216.00000000,,16.00000000,0.00000000,16.00000000,1.60000000,3.60000000,2024-01-01,2024-01,20,Dinner
37,14,1,Sydney Central,2024-01-01 19:25:43,8,1,Dine-in,282.00000000,,25.00000000,0.00000000,25.00000000,2.50000000,9.20000000,2024-01-01,2024-01,19,Dinner
38,14,1,Sydney Central,2024-01-01 19:25:43,8,1,Dine-in,282.00000000,,25.00000000,0.00000000,25.00000000,2.50000000,9.20000000,2024-01-01,2024-01,19,Dinner
39,14,1,Sydney Central,2024-01-01 19:25:43,7,1,Dine-in,282.00000000,,23.00000000,0.00000000,23.00000000,2.30000000,6.40000000,2024-01-01,2024-01,19,Dinner
40,15,1,Sydney Central,2024-01-01 12:41:02,1,1,Dine-in,,,22.00000000,0.00000000,22.00000000,2.20000000,7.30000000,2024-01-01,2024-01,12,Lunch
41,15,1,Sydney Central,2024-01-01 12:41:02,14,1,Dine-in,,,7.00000000,0.00000000,7.00000000,0.70000000,1.50000000,2024-01-01,2024-01,12,Lunch
42,16,1,Sydney Central,2024-01-01 12:55:38,8,1,Takeaway,,,25.00000000,0.00000000,25.00000000,2.50000000,9.20000000,2024-01-01,2024-01,12,Lunch
43,16,1,Sydney Central,2024-01-01 12:55:38,18,1,Takeaway,,,6.00000000,0.00000000,6.00000000,0.60000000,1.30000000,2024-01-01,2024-01,12,Lunch
44,17,1,Sydney Central,2024-01-01 19:26:50,15,1,Takeaway,468.00000000,,6.00000000,0.00000000,6.00000000,0.60000000,1.40000000,2024-01-01,2024-01,19,Dinner
45,17,1,Sydney Central,2024-01-01 19:26:50,1,1,Takeaway,468.00000000,,22.00000000,0.00000000,22.00000000,2.20000000,7.30000000,2024-01-01,2024-01,19,Dinner
46,17,1,Sydney Central,2024-01-01 19:26:50,12,1,Takeaway,468.00000000,,8.00000000,0.00000000,8.00000000,0.80000000,1.80000000,2024-01-01,2024-01,19,Dinner
47,18,1,Sydney Central,2024-01-01 13:01:55,23,1,Dine-in,111.00000000,,8.00000000,0.00000000,8.00000000,0.80000000,1.90000000,2024-01-01,2024-01,13,Lunch
48,18,1,Sydney Central,2024-01-01 13:01:55,12,1,Dine-in,111.00000000,,8.00000000,0.00000000,8.00000000,0.80000000,1.80000000,2024-01-01,2024-01,13,Lunch
49,18,1,Sydney Central,2024-01-01 13:01:55,24,2,Dine-in,111.00000000,,22.00000000,0.00000000,22.00000000,2.20000000,6.80000000,2024-01-01,2024-01,13,Lunch
50,18,1,Sydney Central,2024-01-01 13:01:55,17,1,Dine-in,111.00000000,,6.00000000,0.00000000,6.00000000,0.60000000,1.00000000,2024-01-01,2024-01,13,Lunch
51,19,1,Sydney Central,2024-01-01 12:18:20,1,1,Takeaway,107.00000000,,22.00000000,0.00000000,22.00000000,2.20000000,7.30000000,2024-01-01,2024-01,12,Lunch
52,19,1,Sydney Central,2024-01-01 12:18:20,19,1,Takeaway,107.00000000,,5.00000000,0.00000000,5.00000000,0.50000000,0.90000000,2024-01-01,2024-01,12,Lunch
53,19,1,Sydney Central,2024-01-01 12:18:20,3,1,Takeaway,107.00000000,,21.00000000,0.00000000,21.00000000,2.10000000,6.30000000,2024-01-01,2024-01,12,Lunch
54,20,1,Sydney Central,2024-01-01 20:55:10,12,2,Dine-in,838.00000000,,16.00000000,0.00000000,16.00000000,1.60000000,3.60000000,2024-01-01,2024-01,20,Dinner
55,20,1,Sydney Central,2024-01-01 20:55:10,2,1,Dine-in,838.00000000,,23.00000000,0.00000000,23.00000000,2.30000000,7.50000000,2024-01-01,2024-01,20,Dinner
56,20,1,Sydney Central,2024-01-01 20:55:10,10,1,Dine-in,838.00000000,,22.00000000,0.00000000,22.00000000,2.20000000,7.10000000,2024-01-01,2024-01,20,Dinner
57,21,1,Sydney Central,2024-01-01 19:03:57,19,1,Dine-in,594.00000000,,5.00000000,0.00000000,5.00000000,0.50000000,0.90000000,2024-01-01,2024-01,19,Dinner
58,21,1,Sydney Central,2024-01-01 19:03:57,7,1,Dine-in,594.00000000,,23.00000000,0.00000000,23.00000000,2.30000000,6.40000000,2024-01-01,2024-01,19,Dinner
59,22,1,Sydney Central,2024-01-01 15:27:11,12,1,Dine-in,2516.00000000,,8.00000000,0.00000000,8.00000000,0.80000000,1.80000000,2024-01-01,2024-01,15,Lunch
60,22,1,Sydney Central,2024-01-01 15:27:11,20,1,Dine-in,2516.00000000,,8.00000000,0.00000000,8.00000000,0.80000000,2.20000000,2024-01-01,2024-01,15,Lunch
61,22,1,Sydney Central,2024-01-01 15:27:11,1,1,Dine-in,2516.00000000,,22.00000000,0.00000000,22.00000000,2.20000000,7.30000000,2024-01-01,2024-01,15,Lunch
62,23,1,Sydney Central,2024-01-01 18:20:22,6,2,Takeaway,,,48.00000000,0.00000000,48.00000000,4.80000000,15.60000000,2024-01-01,2024-01,18,Dinner
63,23,1,Sydney Central,2024-01-01 18:20:22,10,1,Takeaway,,,22.00000000,0.00000000,22.00000000,2.20000000,7.10000000,2024-01-01,2024-01,18,Dinner
64,24,1,Sydney Central,2024-01-01 16:40:07,16,2,Takeaway,358.00000000,,10.00000000,0.00000000,10.00000000,1.00000000,2.40000000,2024-01-01,2024-01,16,Dinner
65,25,1,Sydney Central,2024-01-01 13:31:51,2,1,Delivery,1965.00000000,,23.00000000,0.00000000,23.00000000,2.30000000,7.50000000,2024-01-01,2024-01,13,Lunch
66,25,1,Sydney Central,2024-01-01 13:31:51,2,1,Delivery,1965.00000000,,23.00000000,0.00000000,23.00000000,2.30000000,7.50000000,2024-01-01,2024-01,13,Lunch
67,25,1,Sydney Central,2024-01-01 13:31:51,12,1,Delivery,1965.00000000,,8.00000000,0.00000000,8.00000000,0.80000000,1.80000000,2024-01-01,2024-01,13,Lunch
68,26,1,Sydney Central,2024-01-01 21:27:36,21,1,Dine-in,1.00000000,,10.00000000,0.00000000,10.00000000,1.00000000,2.60000000,2024-01-01,2024-01,21,Dinner
69,26,1,Sydney Central,2024-01-01 21:27:36,8,1,Dine-in,1.00000000,,25.00000000,0.00000000,25.00000000,2.50000000,9.20000000,2024-01-01,2024-01,21,Dinner
70,26,1,Sydney Central,2024-01-01 21:27:36,1,1,Dine-in,1.00000000,,22.00000000,0.00000000,22.00000000,2.20000000,7.30000000,2024-01-01,2024-01,21,Dinner
71,26,1,Sydney Central,2024-01-01 21:27:36,10,1,Dine-in,1.00000000,,22.00000000,0.00000000,22.00000000,2.20000000,7.10000000,2024-01-01,2024-01,21,Dinner
72,27,1,Sydney Central,2024-01-01 18:37:11,1,1,Dine-in,1093.00000000,,22.00000000,0.00000000,22.00000000,2.20000000,7.30000000,2024-01-01,2024-01,18,Dinner
73,27,1,Sydney Central,2024-01-01 18:37:11,2,1,Dine-in,1093.00000000,,23.00000000,0.00000000,23.00000000,2.30000000,7.50000000,2024-01-01,2024-01,18,Dinner
74,27,1,Sydney Central,2024-01-01 18:37:11,17,1,Dine-in,1093.00000000,,6.00000000,0.00000000,6.00000000,0.60000000,1.00000000,2024-01-01,2024-01,18,Dinner
75,28,1,Sydney Central,2024-01-01 18:54:56,22,1,Dine-in,,,12.00000000,0.00000000,12.00000000,1.20000000,3.70000000,2024-01-01,2024-01,18,Dinner
76,28,1,Sydney Central,2024-01-01 18:54:56,19,1,Dine-in,,,5.00000000,0.00000000,5.00000000,0.50000000,0.90000000,2024-01-01,2024-01,18,Dinner
77,29,1,Sydney Central,2024-01-01 15:39:37,1,1,Takeaway,345.00000000,,22.00000000,0.00000000,22.00000000,2.20000000,7.30000000,2024-01-01,2024-01,15,Lunch
78,29,1,Sydney Central,2024-01-01 15:39:37,10,1,Takeaway,345.00000000,,22.00000000,0.00000000,22.00000000,2.20000000,7.10000000,2024-01-01,2024-01,15,Lunch
79,30,1,Sydney Central,2024-01-01 17:37:49,3,1,Takeaway,,,21.00000000,0.00000000,21.00000000,2.10000000,6.30000000,2024-01-01,2024-01,17,Dinner
80,30,1,Sydney Central,2024-01-01 17:37:49,22,1,Takeaway,,,12.00000000,0.00000000,12.00000000,1.20000000,3.70000000,2024-01-01,2024-01,17,Dinner
81,31,1,Sydney Central,2024-01-01 13:29:33,3,1,Delivery,107.00000000,,21.00000000,0.00000000,21.00000000,2.10000000,6.30000000,2024-01-01,2024-01,13,Lunch
82,31,1,Sydney Central,2024-01-01 13:29:33,20,1,Delivery,107.00000000,,8.00000000,0.00000000,8.00000000,0.80000000,2.20000000,2024-01-01,2024-01,13,Lunch
83,32,1,Sydney Central,2024-01-01 15:23:10,4,1,Takeaway,11.00000000,,31.00000000,0.00000000,31.00000000,3.10000000,12.80000000,2024-01-01,2024-01,15,Lunch
84,32,1,Sydney Central,2024-01-01 15:23:10,4,1,Takeaway,11.00000000,,31.00000000,0.00000000,31.00000000,3.10000000,12.80000000,2024-01-01,2024-01,15,Lunch
85,32,1,Sydney Central,2024-01-01 15:23:10,16,1,Takeaway,11.00000000,,5.00000000,0.00000000,5.00000000,0.50000000,1.20000000,2024-01-01,2024-01,15,Lunch
86,33,1,Sydney Central,2024-01-01 18:12:06,8,1,Dine-in,,,25.00000000,0.00000000,25.00000000,2.50000000,9.20000000,2024-01-01,2024-01,18,Dinner
87,33,1,Sydney Central,2024-01-01 18:12:06,16,1,Dine-in,,,5.00000000,0.00000000,5.00000000,0.50000000,1.20000000,2024-01-01,2024-01,18,Dinner
88,34,1,Sydney Central,2024-01-01 19:20:37,1,1,Takeaway,2467.00000000,,22.00000000,0.00000000,22.00000000,2.20000000,7.30000000,2024-01-01,2024-01,19,Dinner
89,34,1,Sydney Central,2024-01-01 19:20:37,7,1,Takeaway,2467.00000000,,23.00000000,0.00000000,23.00000000,2.30000000,6.40000000,2024-01-01,2024-01,19,Dinner
90,34,1,Sydney Central,2024-01-01 19:20:37,2,1,Takeaway,2467.00000000,,23.00000000,0.00000000,23.00000000,2.30000000,7.50000000,2024-01-01,2024-01,19,Dinner
91,35,1,Sydney Central,2024-01-01 19:12:20,3,1,Delivery,,,21.00000000,0.00000000,21.00000000,2.10000000,6.30000000,2024-01-01,2024-01,19,Dinner
92,35,1,Sydney Central,2024-01-01 19:12:20,3,1,Delivery,,,21.00000000,0.00000000,21.00000000,2.10000000,6.30000000,2024-01-01,2024-01,19,Dinner
93,35,1,Sydney Central,2024-01-01 19:12:20,2,2,Delivery,,,46.00000000,0.00000000,46.00000000,4.60000000,15.00000000,2024-01-01,2024-01,19,Dinner
94,36,1,Sydney Central,2024-01-01 11:57:07,1,2,Delivery,160.00000000,,44.00000000,0.00000000,44.00000000,4.40000000,14.60000000,2024-01-01,2024-01,11,Lunch
95,36,1,Sydney Central,2024-01-01 11:57:07,1,1,Delivery,160.00000000,,22.00000000,0.00000000,22.00000000,2.20000000,7.30000000,2024-01-01,2024-01,11,Lunch
96,37,1,Sydney Central,2024-01-01 18:39:22,12,1,Dine-in,1184.00000000,,8.00000000,0.00000000,8.00000000,0.80000000,1.80000000,2024-01-01,2024-01,18,Dinner
97,37,1,Sydney Central,2024-01-01 18:39:22,23,1,Dine-in,1184.00000000,,8.00000000,0.00000000,8.00000000,0.80000000,1.90000000,2024-01-01,2024-01,18,Dinner
98,37,1,Sydney Central,2024-01-01 18:39:22,10,1,Dine-in,1184.00000000,,22.00000000,0.00000000,22.00000000,2.20000000,7.10000000,2024-01-01,2024-01,18,Dinner
99,38,1,Sydney Central,2024-01-01 14:17:50,9,1,Delivery,,,17.00000000,0.00000000,17.00000000,1.70000000,4.90000000,2024-01-01,2024-01,14,Lunch
100,38,1,Sydney Central,2024-01-01 14:17:50,22,1,Delivery,,,12.00000000,0.00000000,12.00000000,1.20000000,3.70000000,2024-01-01,2024-01,14,Lunch
