waste_id,restaurant_id,product_id,business_date,waste_units,waste_cost,reason
1,1,1,2024-01-01,4,29.20000000,Spoilage
2,1,1,2024-01-02,0,0.00000000,Spoilage
3,1,1,2024-01-03,0,0.00000000,Over-preparation
4,1,1,2024-01-04,0,0.00000000,Over-preparation
5,1,1,2024-01-05,0,0.00000000,Spoilage
6,1,1,2024-01-06,1,7.30000000,Over-preparation
7,1,1,2024-01-07,2,14.60000000,Over-preparation
8,1,1,2024-01-08,0,0.00000000,Over-preparation
9,1,1,2024-01-09,0,0.00000000,Spoilage
10,1,1,2024-01-10,1,7.30000000,Over-preparation
11,1,1,2024-01-11,1,7.30000000,Preparation error
12,1,1,2024-01-12,1,7.30000000,Spoilage
13,1,1,2024-01-13,1,7.30000000,Over-preparation
14,1,1,2024-01-14,0,0.00000000,Over-preparation
15,1,1,2024-01-15,1,7.30000000,Over-preparation
16,1,1,2024-01-16,0,0.00000000,Over-preparation
17,1,1,2024-01-17,2,14.60000000,Over-preparation
18,1,1,2024-01-18,0,0.00000000,Over-preparation
19,1,1,2024-01-19,1,7.30000000,Spoilage
20,1,1,2024-01-20,0,0.00000000,Spoilage
21,1,1,2024-01-21,0,0.00000000,Over-preparation
22,1,1,2024-01-22,0,0.00000000,Spoilage
23,1,1,2024-01-23,0,0.00000000,Over-preparation
24,1,1,2024-01-24,1,7.30000000,Spoilage
25,1,1,2024-01-25,0,0.00000000,Over-preparation
26,1,1,2024-01-26,1,7.30000000,Over-preparation
27,1,1,2024-01-27,0,0.00000000,Over-preparation
28,1,1,2024-01-28,0,0.00000000,Spoilage
29,1,1,2024-01-29,1,7.30000000,Spoilage
30,1,1,2024-01-30,0,0.00000000,Over-preparation
31,1,1,2024-01-31,0,0.00000000,Spoilage
32,1,1,2024-02-01,0,0.00000000,Spoilage
33,1,1,2024-02-02,1,7.30000000,Preparation error
34,1,1,2024-02-03,0,0.00000000,Over-preparation
35,1,1,2024-02-04,1,7.30000000,Over-preparation
36,1,1,2024-02-05,2,14.60000000,Over-preparation
37,1,1,2024-02-06,1,7.30000000,Spoilage
38,1,1,2024-02-07,0,0.00000000,Over-preparation
39,1,1,2024-02-08,0,0.00000000,Spoilage
40,1,1,2024-02-09,0,0.00000000,Over-preparation
41,1,1,2024-02-10,1,7.30000000,Spoilage
42,1,1,2024-02-11,0,0.00000000,Preparation error
43,1,1,2024-02-12,0,0.00000000,Spoilage
44,1,1,2024-02-13,0,0.00000000,Over-preparation
45,1,1,2024-02-14,1,7.30000000,Over-preparation
46,1,1,2024-02-15,0,0.00000000,Spoilage
47,1,1,2024-02-16,1,7.30000000,Over-preparation
48,1,1,2024-02-17,1,7.30000000,Over-preparation
49,1,1,2024-02-18,1,7.30000000,Preparation error
50,1,1,2024-02-19,0,0.00000000,Over-preparation
51,1,1,2024-02-20,0,0.00000000,Spoilage
52,1,1,2024-02-21,2,14.60000000,Over-preparation
53,1,1,2024-02-22,1,7.30000000,Over-preparation
54,1,1,2024-02-23,1,7.30000000,Preparation error
55,1,1,2024-02-24,0,0.00000000,Spoilage
56,1,1,2024-02-25,0,0.00000000,Over-preparation
57,1,1,2024-02-26,1,7.30000000,Over-preparation
58,1,1,2024-02-27,1,7.30000000,Spoilage
59,1,1,2024-02-28,0,0.00000000,Over-preparation
60,1,1,2024-02-29,0,0.00000000,Spoilage
61,1,1,2024-03-01,0,0.00000000,Over-preparation
62,1,1,2024-03-02,1,7.30000000,Spoilage
63,1,1,2024-03-03,0,0.00000000,Spoilage
64,1,1,2024-03-04,0,0.00000000,Spoilage
65,1,1,2024-03-05,0,0.00000000,Over-preparation
66,1,1,2024-03-06,0,0.00000000,Spoilage
67,1,1,2024-03-07,0,0.00000000,Spoilage
68,1,1,2024-03-08,1,7.30000000,Over-preparation
69,1,1,2024-03-09,2,14.60000000,Over-preparation
70,1,1,2024-03-10,0,0.00000000,Spoilage
71,1,1,2024-03-11,1,7.30000000,Spoilage
72,1,1,2024-03-12,2,14.60000000,Over-preparation
73,1,1,2024-03-13,0,0.00000000,Over-preparation
74,1,1,2024-03-14,0,0.00000000,Spoilage
75,1,1,2024-03-15,0,0.00000000,Over-preparation
76,1,1,2024-03-16,0,0.00000000,Spoilage
77,1,1,2024-03-17,1,7.30000000,Over-preparation
78,1,1,2024-03-18,1,7.30000000,Over-preparation
79,1,1,2024-03-19,1,7.30000000,Over-preparation
80,1,1,2024-03-20,1,7.30000000,Preparation error
81,1,1,2024-03-21,0,0.00000000,Preparation error
82,1,1,2024-03-22,0,0.00000000,Over-preparation
83,1,1,2024-03-23,0,0.00000000,Over-preparation
84,1,1,2024-03-24,0,0.00000000,Spoilage
85,1,1,2024-03-25,0,0.00000000,Over-preparation
86,1,1,2024-03-26,2,14.60000000,Spoilage
87,1,1,2024-03-27,0,0.00000000,Over-preparation
88,1,1,2024-03-28,0,0.00000000,Spoilage
89,1,1,2024-03-29,1,7.30000000,Over-preparation
90,1,1,2024-03-30,1,7.30000000,Over-preparation
91,1,1,2024-03-31,1,7.30000000,Over-preparation
92,1,1,2024-04-01,0,0.00000000,Over-preparation
93,1,1,2024-04-02,0,0.00000000,Over-preparation
94,1,1,2024-04-03,0,0.00000000,Over-preparation
95,1,1,2024-04-04,0,0.00000000,Over-preparation
96,1,1,2024-04-05,0,0.00000000,Over-preparation
97,1,1,2024-04-06,0,0.00000000,Over-preparation
98,1,1,2024-04-07,0,0.00000000,Over-preparation
99,1,1,2024-04-08,2,14.60000000,Preparation error
100,1,1,2024-04-09,1,7.30000000,Over-preparation
